system,id,query,expected_experts,selected_experts,route_hit,route_coverage,keyword_score,exact_score,accepted,verification_score,estimated_cost,estimated_parallel_latency,final_answer
DENA_top2,q001,What is DENA and how is it different from MoE?,Expert_Definition|Expert_Research,Expert_Research|Expert_Definition|Expert_Definition|Expert_Research,1.0,1.0,1.0,0.0,1.0,0.8409255967850853,0.52,0.4,"DENA Prototype Output\n---------------------\nQuery: What is DENA and how is it different from MoE?\n\nStep 1: Subtask `research` handled mainly by Expert_Research (weight=0.62, confidence=0.82).\nResearch analysis: treat the idea as a modular AI-system architecture. Define components formally, implement a minimal prototype, then evaluate routing accuracy, final-task accuracy, latency, cost, modular update ability, and comparison against dense, MoE-like, ensemble, and RAG baselines.\n- Supporting note from Expert_Definition (weight=0.38, confidence=0.86): Definition: DENA means Distributed Expert Neural Architecture: a proposed architecture where independently trained expert systems are connected through an orchestrator, router, aggregator, verifier, memory, and feedback loop.\n\nStep 2: Subtask `definition` handled mainly by Expert_Definition (weight=0.67, confidence=0.86).\nDefinition: DENA means Distributed Expert Neural Architecture: a proposed architecture where independently trained expert systems are connected through an orchestrator, router, aggregator, verifier, memory, and feedback loop.\n- Supporting note from Expert_Research (weight=0.33, confidence=0.82): Research analysis: treat the idea as a modular AI-system architecture. Define components formally, implement a minimal prototype, then evaluate routing accuracy, final-task accuracy, latency, cost, modular update ability, and comparison against dense, MoE-like, ensemble, and RAG baselines.\n\nEstimated reliability: 0.84"
DENA_top2,q002,Calculate 24 * 7 + 13,Expert_Math,Expert_Math|Expert_Definition,1.0,1.0,1.0,1.0,1.0,0.8179341553873632,0.11,0.06,"DENA Prototype Output\n---------------------\nQuery: Calculate 24 * 7 + 13\n\nSubtask `math` handled mainly by Expert_Math (weight=0.77, confidence=0.92).\nMathematical result: 24*7+13 = 181\n\nEstimated reliability: 0.82"
DENA_top2,q003,How should I debug a Python function error?,Expert_Code,Expert_Code|Expert_Math,1.0,1.0,1.0,0.0,1.0,0.6927007861878195,0.2,0.15,"DENA Prototype Output\n---------------------\nQuery: How should I debug a Python function error?\n\nSubtask `code` handled mainly by Expert_Code (weight=0.74, confidence=0.78).\nCode analysis: start by isolating the failing input, reading the exact error message, checking variable types, and creating a minimal reproducible example. Then test one fix at a time.\n\nEstimated reliability: 0.69"
DENA_top2,q004,Design an experiment to compare DENA with dense and MoE models.,Expert_Research,Expert_Research|Expert_Definition,1.0,1.0,0.6666666666666666,0.0,1.0,0.8345416019322056,0.26,0.2,"DENA Prototype Output\n---------------------\nQuery: Design an experiment to compare DENA with dense and MoE models.\n\nSubtask `research` handled mainly by Expert_Research (weight=0.64, confidence=0.82).\nResearch analysis: treat the idea as a modular AI-system architecture. Define components formally, implement a minimal prototype, then evaluate routing accuracy, final-task accuracy, latency, cost, modular update ability, and comparison against dense, MoE-like, ensemble, and RAG baselines.\n- Supporting note from Expert_Definition (weight=0.36, confidence=0.86): Definition: DENA means Distributed Expert Neural Architecture: a proposed architecture where independently trained expert systems are connected through an orchestrator, router, aggregator, verifier, memory, and feedback loop.\n\nEstimated reliability: 0.83"
DENA_top2,q005,Define a router in DENA.,Expert_Definition|Expert_Research,Expert_Research|Expert_Definition|Expert_Definition|Expert_Research,1.0,1.0,0.6666666666666666,0.0,1.0,0.8409230516145616,0.52,0.4,"DENA Prototype Output\n---------------------\nQuery: Define a router in DENA.\n\nStep 1: Subtask `research` handled mainly by Expert_Research (weight=0.62, confidence=0.82).\nResearch analysis: treat the idea as a modular AI-system architecture. Define components formally, implement a minimal prototype, then evaluate routing accuracy, final-task accuracy, latency, cost, modular update ability, and comparison against dense, MoE-like, ensemble, and RAG baselines.\n- Supporting note from Expert_Definition (weight=0.38, confidence=0.86): Definition: DENA means Distributed Expert Neural Architecture: a proposed architecture where independently trained expert systems are connected through an orchestrator, router, aggregator, verifier, memory, and feedback loop.\n\nStep 2: Subtask `definition` handled mainly by Expert_Definition (weight=0.67, confidence=0.86).\nDefinition: DENA means Distributed Expert Neural Architecture: a proposed architecture where independently trained expert systems are connected through an orchestrator, router, aggregator, verifier, memory, and feedback loop.\n- Supporting note from Expert_Research (weight=0.33, confidence=0.82): Research analysis: treat the idea as a modular AI-system architecture. Define components formally, implement a minimal prototype, then evaluate routing accuracy, final-task accuracy, latency, cost, modular update ability, and comparison against dense, MoE-like, ensemble, and RAG baselines.\n\nEstimated reliability: 0.84"
DENA_top2,q006,Solve 10 + 5 * 3,Expert_Math,Expert_Math|Expert_Definition,1.0,1.0,1.0,1.0,1.0,0.8179341553873632,0.11,0.06,"DENA Prototype Output\n---------------------\nQuery: Solve 10 + 5 * 3\n\nSubtask `math` handled mainly by Expert_Math (weight=0.77, confidence=0.92).\nMathematical result: 10+5*3 = 25\n\nEstimated reliability: 0.82"
DENA_top2,q007,Explain algorithm design for a Python API error.,Expert_Code,Expert_Code|Expert_Definition|Expert_Definition|Expert_Code,1.0,1.0,1.0,0.0,1.0,0.5784741093291393,0.42000000000000004,0.3,"DENA Prototype Output\n---------------------\nQuery: Explain algorithm design for a Python API error.\n\nStep 1: Subtask `code` handled mainly by Expert_Code (weight=0.74, confidence=0.78).\nCode analysis: start by isolating the failing input, reading the exact error message, checking variable types, and creating a minimal reproducible example. Then test one fix at a time.\n\nStep 2: Subtask `definition` handled mainly by Expert_Definition (weight=0.55, confidence=0.48).\nDefinition-style answer: the request asks for explanation, but the exact term is not in this prototype's dictionary.\n- Supporting note from Expert_Code (weight=0.45, confidence=0.78): Code analysis: start by isolating the failing input, reading the exact error message, checking variable types, and creating a minimal reproducible example. Then test one fix at a time.\n\nEstimated reliability: 0.66"
DENA_top2,q008,What is a dense model?,Expert_Definition,Expert_Research|Expert_Definition|Expert_Definition|Expert_Research,1.0,1.0,1.0,0.0,1.0,0.8406002892885245,0.52,0.4,"DENA Prototype Output\n---------------------\nQuery: What is a dense model?\n\nStep 1: Subtask `research` handled mainly by Expert_Research (weight=0.63, confidence=0.82).\nResearch analysis: treat the idea as a modular AI-system architecture. Define components formally, implement a minimal prototype, then evaluate routing accuracy, final-task accuracy, latency, cost, modular update ability, and comparison against dense, MoE-like, ensemble, and RAG baselines.\n- Supporting note from Expert_Definition (weight=0.37, confidence=0.86): Definition: A dense model is a model where most or all parameters are active for most inputs, unlike sparse expert-based models.\n\nStep 2: Subtask `definition` handled mainly by Expert_Definition (weight=0.66, confidence=0.86).\nDefinition: A dense model is a model where most or all parameters are active for most inputs, unlike sparse expert-based models.\n- Supporting note from Expert_Research (weight=0.34, confidence=0.82): Research analysis: treat the idea as a modular AI-system architecture. Define components formally, implement a minimal prototype, then evaluate routing accuracy, final-task accuracy, latency, cost, modular update ability, and comparison against dense, MoE-like, ensemble, and RAG baselines.\n\nEstimated reliability: 0.84"
DENA_top2,q009,Calculate (12 + 8) / 4,Expert_Math,Expert_Math|Expert_Definition,1.0,1.0,1.0,1.0,1.0,0.8184739678924842,0.11,0.06,"DENA Prototype Output\n---------------------\nQuery: Calculate (12 + 8) / 4\n\nSubtask `math` handled mainly by Expert_Math (weight=0.77, confidence=0.92).\nMathematical result: (12+8)/4 = 5.0\n\nEstimated reliability: 0.82"
DENA_top2,q010,Explain why expert aggregation matters in DENA.,Expert_Research,Expert_Research|Expert_Definition|Expert_Definition|Expert_Research,1.0,1.0,0.6666666666666666,0.0,1.0,0.8410208225233924,0.52,0.4,"DENA Prototype Output\n---------------------\nQuery: Explain why expert aggregation matters in DENA.\n\nStep 1: Subtask `research` handled mainly by Expert_Research (weight=0.62, confidence=0.82).\nResearch analysis: treat the idea as a modular AI-system architecture. Define components formally, implement a minimal prototype, then evaluate routing accuracy, final-task accuracy, latency, cost, modular update ability, and comparison against dense, MoE-like, ensemble, and RAG baselines.\n- Supporting note from Expert_Definition (weight=0.38, confidence=0.86): Definition: DENA means Distributed Expert Neural Architecture: a proposed architecture where independently trained expert systems are connected through an orchestrator, router, aggregator, verifier, memory, and feedback loop.\n\nStep 2: Subtask `definition` handled mainly by Expert_Definition (weight=0.67, confidence=0.86).\nDefinition: DENA means Distributed Expert Neural Architecture: a proposed architecture where independently trained expert systems are connected through an orchestrator, router, aggregator, verifier, memory, and feedback loop.\n- Supporting note from Expert_Research (weight=0.33, confidence=0.82): Research analysis: treat the idea as a modular AI-system architecture. Define components formally, implement a minimal prototype, then evaluate routing accuracy, final-task accuracy, latency, cost, modular update ability, and comparison against dense, MoE-like, ensemble, and RAG baselines.\n\nEstimated reliability: 0.84"
DENA_top2,q011,Calculate 9 * 9 and explain what DENA is.,Expert_Math|Expert_Definition|Expert_Research,Expert_Math|Expert_Definition|Expert_Research|Expert_Definition|Expert_Definition|Expert_Research,1.0,1.0,1.0,1.0,1.0,0.8605773420671996,0.63,0.46,"DENA Prototype Output\n---------------------\nQuery: Calculate 9 * 9 and explain what DENA is.\n\nStep 1: Subtask `math` handled mainly by Expert_Math (weight=0.66, confidence=0.92).\nMathematical result: 9*9 = 81\n- Supporting note from Expert_Definition (weight=0.34, confidence=0.86): Definition: DENA means Distributed Expert Neural Architecture: a proposed architecture where independently trained expert systems are connected through an orchestrator, router, aggregator, verifier, memory, and feedback loop.\n\nStep 2: Subtask `research` handled mainly by Expert_Research (weight=0.62, confidence=0.82).\nResearch analysis: treat the idea as a modular AI-system architecture. Define components formally, implement a minimal prototype, then evaluate routing accuracy, final-task accuracy, latency, cost, modular update ability, and comparison against dense, MoE-like, ensemble, and RAG baselines.\n- Supporting note from Expert_Definition (weight=0.38, confidence=0.86): Definition: DENA means Distributed Expert Neural Architecture: a proposed architecture where independently trained expert systems are connected through an orchestrator, router, aggregator, verifier, memory, and feedback loop.\n\nStep 3: Subtask `definition` handled mainly by Expert_Definition (weight=0.67, confidence=0.86).\nDefinition: DENA means Distributed Expert Neural Architecture: a proposed architecture where independently trained expert systems are connected through an orchestrator, router, aggregator, verifier, memory, and feedback loop.\n- Supporting note from Expert_Research (weight=0.33, confidence=0.82): Research analysis: treat the idea as a modular AI-system architecture. Define components formally, implement a minimal prototype, then evaluate routing accuracy, final-task accuracy, latency, cost, modular update ability, and comparison against dense, MoE-like, ensemble, and RAG baselines.\n\nEstimated reliability: 0.86"
DENA_top2,q012,How can I compare routing accuracy and latency?,Expert_Research,Expert_Research|Expert_Math,1.0,1.0,1.0,0.0,1.0,0.7179474143544219,0.25,0.2,"DENA Prototype Output\n---------------------\nQuery: How can I compare routing accuracy and latency?\n\nSubtask `research` handled mainly by Expert_Research (weight=0.72, confidence=0.82).\nResearch analysis: treat the idea as a modular AI-system architecture. Define components formally, implement a minimal prototype, then evaluate routing accuracy, final-task accuracy, latency, cost, modular update ability, and comparison against dense, MoE-like, ensemble, and RAG baselines.\n\nEstimated reliability: 0.72"
DENA_top2,q013,Write a plan to debug Java code.,Expert_Code,Expert_Code|Expert_General,1.0,1.0,1.0,0.0,1.0,0.7248345554618345,0.19,0.15,"DENA Prototype Output\n---------------------\nQuery: Write a plan to debug Java code.\n\nSubtask `code` handled mainly by Expert_Code (weight=0.72, confidence=0.78).\nCode analysis: start by isolating the failing input, reading the exact error message, checking variable types, and creating a minimal reproducible example. Then test one fix at a time.\n- Supporting note from Expert_General (weight=0.28, confidence=0.58): General response: I can help structure this request. A strong answer should identify the task, choose the right expert knowledge, produce a clear response, and verify it.\n\nEstimated reliability: 0.72"
DENA_top2,q014,What is MoE?,Expert_Definition,Expert_Research|Expert_Definition|Expert_Definition|Expert_Research,1.0,1.0,1.0,0.0,1.0,0.8407958985416477,0.52,0.4,"DENA Prototype Output\n---------------------\nQuery: What is MoE?\n\nStep 1: Subtask `research` handled mainly by Expert_Research (weight=0.62, confidence=0.82).\nResearch analysis: treat the idea as a modular AI-system architecture. Define components formally, implement a minimal prototype, then evaluate routing accuracy, final-task accuracy, latency, cost, modular update ability, and comparison against dense, MoE-like, ensemble, and RAG baselines.\n- Supporting note from Expert_Definition (weight=0.38, confidence=0.86): Definition: MoE means Mixture of Experts: a neural architecture where a router activates a subset of internal expert networks for an input.\n\nStep 2: Subtask `definition` handled mainly by Expert_Definition (weight=0.66, confidence=0.86).\nDefinition: MoE means Mixture of Experts: a neural architecture where a router activates a subset of internal expert networks for an input.\n- Supporting note from Expert_Research (weight=0.34, confidence=0.82): Research analysis: treat the idea as a modular AI-system architecture. Define components formally, implement a minimal prototype, then evaluate routing accuracy, final-task accuracy, latency, cost, modular update ability, and comparison against dense, MoE-like, ensemble, and RAG baselines.\n\nEstimated reliability: 0.84"
DENA_top2,q015,Solve 100 / 4 - 7,Expert_Math,Expert_Math|Expert_Definition,1.0,1.0,1.0,1.0,1.0,0.8195029620816603,0.11,0.06,"DENA Prototype Output\n---------------------\nQuery: Solve 100 / 4 - 7\n\nSubtask `math` handled mainly by Expert_Math (weight=0.77, confidence=0.92).\nMathematical result: 100/4-7 = 18.0\n\nEstimated reliability: 0.82"
DENA_top2,q016,How do I measure DENA verification score?,Expert_Research,Expert_Research|Expert_Definition,1.0,1.0,0.6666666666666666,0.0,1.0,0.8349877714971816,0.26,0.2,"DENA Prototype Output\n---------------------\nQuery: How do I measure DENA verification score?\n\nSubtask `research` handled mainly by Expert_Research (weight=0.63, confidence=0.82).\nResearch analysis: treat the idea as a modular AI-system architecture. Define components formally, implement a minimal prototype, then evaluate routing accuracy, final-task accuracy, latency, cost, modular update ability, and comparison against dense, MoE-like, ensemble, and RAG baselines.\n- Supporting note from Expert_Definition (weight=0.37, confidence=0.86): Definition: DENA means Distributed Expert Neural Architecture: a proposed architecture where independently trained expert systems are connected through an orchestrator, router, aggregator, verifier, memory, and feedback loop.\n\nEstimated reliability: 0.83"
DENA_top2,q017,Describe aggregator in simple words.,Expert_Definition,Expert_Research|Expert_Definition|Expert_Definition|Expert_Research,1.0,1.0,1.0,0.0,1.0,0.8407983550460263,0.52,0.4,"DENA Prototype Output\n---------------------\nQuery: Describe aggregator in simple words.\n\nStep 1: Subtask `research` handled mainly by Expert_Research (weight=0.62, confidence=0.82).\nResearch analysis: treat the idea as a modular AI-system architecture. Define components formally, implement a minimal prototype, then evaluate routing accuracy, final-task accuracy, latency, cost, modular update ability, and comparison against dense, MoE-like, ensemble, and RAG baselines.\n- Supporting note from Expert_Definition (weight=0.38, confidence=0.86): Definition: An aggregator combines outputs from selected experts into one final answer.\n\nStep 2: Subtask `definition` handled mainly by Expert_Definition (weight=0.66, confidence=0.86).\nDefinition: An aggregator combines outputs from selected experts into one final answer.\n- Supporting note from Expert_Research (weight=0.34, confidence=0.82): Research analysis: treat the idea as a modular AI-system architecture. Define components formally, implement a minimal prototype, then evaluate routing accuracy, final-task accuracy, latency, cost, modular update ability, and comparison against dense, MoE-like, ensemble, and RAG baselines.\n\nEstimated reliability: 0.84"
DENA_top2,q018,I have an algorithm bug in Python.,Expert_Code,Expert_Code|Expert_Math,1.0,1.0,1.0,0.0,1.0,0.6916565770738511,0.2,0.15,"DENA Prototype Output\n---------------------\nQuery: I have an algorithm bug in Python.\n\nSubtask `code` handled mainly by Expert_Code (weight=0.73, confidence=0.78).\nCode analysis: start by isolating the failing input, reading the exact error message, checking variable types, and creating a minimal reproducible example. Then test one fix at a time.\n\nEstimated reliability: 0.69"
DENA_top2,q019,Calculate 2**5 + 1,Expert_Math,Expert_Math|Expert_Definition,1.0,1.0,1.0,1.0,1.0,0.8195029620816603,0.11,0.06,"DENA Prototype Output\n---------------------\nQuery: Calculate 2**5 + 1\n\nSubtask `math` handled mainly by Expert_Math (weight=0.77, confidence=0.92).\nMathematical result: 2**5+1 = 33\n\nEstimated reliability: 0.82"
DENA_top2,q020,Compare modular architecture vs dense model.,Expert_Research|Expert_Definition,Expert_Research|Expert_Definition,1.0,1.0,1.0,0.0,1.0,0.8341839606312351,0.26,0.2,"DENA Prototype Output\n---------------------\nQuery: Compare modular architecture vs dense model.\n\nSubtask `research` handled mainly by Expert_Research (weight=0.65, confidence=0.82).\nResearch analysis: treat the idea as a modular AI-system architecture. Define components formally, implement a minimal prototype, then evaluate routing accuracy, final-task accuracy, latency, cost, modular update ability, and comparison against dense, MoE-like, ensemble, and RAG baselines.\n- Supporting note from Expert_Definition (weight=0.35, confidence=0.86): Definition: A dense model is a model where most or all parameters are active for most inputs, unlike sparse expert-based models.\n\nEstimated reliability: 0.83"
DENA_top1,q001,What is DENA and how is it different from MoE?,Expert_Definition|Expert_Research,Expert_Research|Expert_Definition,1.0,1.0,1.0,0.0,1.0,0.84,0.26,0.26,"DENA Prototype Output\n---------------------\nQuery: What is DENA and how is it different from MoE?\n\nStep 1: Subtask `research` handled mainly by Expert_Research (weight=1.00, confidence=0.82).\nResearch analysis: treat the idea as a modular AI-system architecture. Define components formally, implement a minimal prototype, then evaluate routing accuracy, final-task accuracy, latency, cost, modular update ability, and comparison against dense, MoE-like, ensemble, and RAG baselines.\n\nStep 2: Subtask `definition` handled mainly by Expert_Definition (weight=1.00, confidence=0.86).\nDefinition: DENA means Distributed Expert Neural Architecture: a proposed architecture where independently trained expert systems are connected through an orchestrator, router, aggregator, verifier, memory, and feedback loop.\n\nEstimated reliability: 0.84"
DENA_top1,q002,Calculate 24 * 7 + 13,Expert_Math,Expert_Math,1.0,1.0,1.0,1.0,1.0,0.92,0.05,0.05,"DENA Prototype Output\n---------------------\nQuery: Calculate 24 * 7 + 13\n\nSubtask `math` handled mainly by Expert_Math (weight=1.00, confidence=0.92).\nMathematical result: 24*7+13 = 181\n\nEstimated reliability: 0.92"
DENA_top1,q003,How should I debug a Python function error?,Expert_Code,Expert_Code,1.0,1.0,1.0,0.0,1.0,0.78,0.15,0.15,"DENA Prototype Output\n---------------------\nQuery: How should I debug a Python function error?\n\nSubtask `code` handled mainly by Expert_Code (weight=1.00, confidence=0.78).\nCode analysis: start by isolating the failing input, reading the exact error message, checking variable types, and creating a minimal reproducible example. Then test one fix at a time.\n\nEstimated reliability: 0.78"
DENA_top1,q004,Design an experiment to compare DENA with dense and MoE models.,Expert_Research,Expert_Research,1.0,1.0,0.6666666666666666,0.0,1.0,0.82,0.2,0.2,"DENA Prototype Output\n---------------------\nQuery: Design an experiment to compare DENA with dense and MoE models.\n\nSubtask `research` handled mainly by Expert_Research (weight=1.00, confidence=0.82).\nResearch analysis: treat the idea as a modular AI-system architecture. Define components formally, implement a minimal prototype, then evaluate routing accuracy, final-task accuracy, latency, cost, modular update ability, and comparison against dense, MoE-like, ensemble, and RAG baselines.\n\nEstimated reliability: 0.82"
DENA_top1,q005,Define a router in DENA.,Expert_Definition|Expert_Research,Expert_Research|Expert_Definition,1.0,1.0,0.6666666666666666,0.0,1.0,0.84,0.26,0.26,"DENA Prototype Output\n---------------------\nQuery: Define a router in DENA.\n\nStep 1: Subtask `research` handled mainly by Expert_Research (weight=1.00, confidence=0.82).\nResearch analysis: treat the idea as a modular AI-system architecture. Define components formally, implement a minimal prototype, then evaluate routing accuracy, final-task accuracy, latency, cost, modular update ability, and comparison against dense, MoE-like, ensemble, and RAG baselines.\n\nStep 2: Subtask `definition` handled mainly by Expert_Definition (weight=1.00, confidence=0.86).\nDefinition: DENA means Distributed Expert Neural Architecture: a proposed architecture where independently trained expert systems are connected through an orchestrator, router, aggregator, verifier, memory, and feedback loop.\n\nEstimated reliability: 0.84"
DENA_top1,q006,Solve 10 + 5 * 3,Expert_Math,Expert_Math,1.0,1.0,1.0,1.0,1.0,0.92,0.05,0.05,"DENA Prototype Output\n---------------------\nQuery: Solve 10 + 5 * 3\n\nSubtask `math` handled mainly by Expert_Math (weight=1.00, confidence=0.92).\nMathematical result: 10+5*3 = 25\n\nEstimated reliability: 0.92"
DENA_top1,q007,Explain algorithm design for a Python API error.,Expert_Code,Expert_Code|Expert_Definition,1.0,1.0,1.0,0.0,1.0,0.55,0.21,0.21,"DENA Prototype Output\n---------------------\nQuery: Explain algorithm design for a Python API error.\n\nStep 1: Subtask `code` handled mainly by Expert_Code (weight=1.00, confidence=0.78).\nCode analysis: start by isolating the failing input, reading the exact error message, checking variable types, and creating a minimal reproducible example. Then test one fix at a time.\n\nStep 2: Subtask `definition` handled mainly by Expert_Definition (weight=1.00, confidence=0.48).\nDefinition-style answer: the request asks for explanation, but the exact term is not in this prototype's dictionary.\n\nEstimated reliability: 0.63"
DENA_top1,q008,What is a dense model?,Expert_Definition,Expert_Research|Expert_Definition,1.0,1.0,1.0,0.0,1.0,0.84,0.26,0.26,"DENA Prototype Output\n---------------------\nQuery: What is a dense model?\n\nStep 1: Subtask `research` handled mainly by Expert_Research (weight=1.00, confidence=0.82).\nResearch analysis: treat the idea as a modular AI-system architecture. Define components formally, implement a minimal prototype, then evaluate routing accuracy, final-task accuracy, latency, cost, modular update ability, and comparison against dense, MoE-like, ensemble, and RAG baselines.\n\nStep 2: Subtask `definition` handled mainly by Expert_Definition (weight=1.00, confidence=0.86).\nDefinition: A dense model is a model where most or all parameters are active for most inputs, unlike sparse expert-based models.\n\nEstimated reliability: 0.84"
DENA_top1,q009,Calculate (12 + 8) / 4,Expert_Math,Expert_Math,1.0,1.0,1.0,1.0,1.0,0.92,0.05,0.05,"DENA Prototype Output\n---------------------\nQuery: Calculate (12 + 8) / 4\n\nSubtask `math` handled mainly by Expert_Math (weight=1.00, confidence=0.92).\nMathematical result: (12+8)/4 = 5.0\n\nEstimated reliability: 0.92"
DENA_top1,q010,Explain why expert aggregation matters in DENA.,Expert_Research,Expert_Research|Expert_Definition,1.0,1.0,0.6666666666666666,0.0,1.0,0.84,0.26,0.26,"DENA Prototype Output\n---------------------\nQuery: Explain why expert aggregation matters in DENA.\n\nStep 1: Subtask `research` handled mainly by Expert_Research (weight=1.00, confidence=0.82).\nResearch analysis: treat the idea as a modular AI-system architecture. Define components formally, implement a minimal prototype, then evaluate routing accuracy, final-task accuracy, latency, cost, modular update ability, and comparison against dense, MoE-like, ensemble, and RAG baselines.\n\nStep 2: Subtask `definition` handled mainly by Expert_Definition (weight=1.00, confidence=0.86).\nDefinition: DENA means Distributed Expert Neural Architecture: a proposed architecture where independently trained expert systems are connected through an orchestrator, router, aggregator, verifier, memory, and feedback loop.\n\nEstimated reliability: 0.84"
DENA_top1,q011,Calculate 9 * 9 and explain what DENA is.,Expert_Math|Expert_Definition|Expert_Research,Expert_Math|Expert_Research|Expert_Definition,1.0,1.0,1.0,1.0,1.0,0.8666666666666667,0.31,0.31,"DENA Prototype Output\n---------------------\nQuery: Calculate 9 * 9 and explain what DENA is.\n\nStep 1: Subtask `math` handled mainly by Expert_Math (weight=1.00, confidence=0.92).\nMathematical result: 9*9 = 81\n\nStep 2: Subtask `research` handled mainly by Expert_Research (weight=1.00, confidence=0.82).\nResearch analysis: treat the idea as a modular AI-system architecture. Define components formally, implement a minimal prototype, then evaluate routing accuracy, final-task accuracy, latency, cost, modular update ability, and comparison against dense, MoE-like, ensemble, and RAG baselines.\n\nStep 3: Subtask `definition` handled mainly by Expert_Definition (weight=1.00, confidence=0.86).\nDefinition: DENA means Distributed Expert Neural Architecture: a proposed architecture where independently trained expert systems are connected through an orchestrator, router, aggregator, verifier, memory, and feedback loop.\n\nEstimated reliability: 0.87"
DENA_top1,q012,How can I compare routing accuracy and latency?,Expert_Research,Expert_Research,1.0,1.0,1.0,0.0,1.0,0.82,0.2,0.2,"DENA Prototype Output\n---------------------\nQuery: How can I compare routing accuracy and latency?\n\nSubtask `research` handled mainly by Expert_Research (weight=1.00, confidence=0.82).\nResearch analysis: treat the idea as a modular AI-system architecture. Define components formally, implement a minimal prototype, then evaluate routing accuracy, final-task accuracy, latency, cost, modular update ability, and comparison against dense, MoE-like, ensemble, and RAG baselines.\n\nEstimated reliability: 0.82"
DENA_top1,q013,Write a plan to debug Java code.,Expert_Code,Expert_Code,1.0,1.0,1.0,0.0,1.0,0.78,0.15,0.15,"DENA Prototype Output\n---------------------\nQuery: Write a plan to debug Java code.\n\nSubtask `code` handled mainly by Expert_Code (weight=1.00, confidence=0.78).\nCode analysis: start by isolating the failing input, reading the exact error message, checking variable types, and creating a minimal reproducible example. Then test one fix at a time.\n\nEstimated reliability: 0.78"
DENA_top1,q014,What is MoE?,Expert_Definition,Expert_Research|Expert_Definition,1.0,1.0,1.0,0.0,1.0,0.84,0.26,0.26,"DENA Prototype Output\n---------------------\nQuery: What is MoE?\n\nStep 1: Subtask `research` handled mainly by Expert_Research (weight=1.00, confidence=0.82).\nResearch analysis: treat the idea as a modular AI-system architecture. Define components formally, implement a minimal prototype, then evaluate routing accuracy, final-task accuracy, latency, cost, modular update ability, and comparison against dense, MoE-like, ensemble, and RAG baselines.\n\nStep 2: Subtask `definition` handled mainly by Expert_Definition (weight=1.00, confidence=0.86).\nDefinition: MoE means Mixture of Experts: a neural architecture where a router activates a subset of internal expert networks for an input.\n\nEstimated reliability: 0.84"
DENA_top1,q015,Solve 100 / 4 - 7,Expert_Math,Expert_Math,1.0,1.0,1.0,1.0,1.0,0.92,0.05,0.05,"DENA Prototype Output\n---------------------\nQuery: Solve 100 / 4 - 7\n\nSubtask `math` handled mainly by Expert_Math (weight=1.00, confidence=0.92).\nMathematical result: 100/4-7 = 18.0\n\nEstimated reliability: 0.92"
DENA_top1,q016,How do I measure DENA verification score?,Expert_Research,Expert_Research,1.0,1.0,0.3333333333333333,0.0,1.0,0.82,0.2,0.2,"DENA Prototype Output\n---------------------\nQuery: How do I measure DENA verification score?\n\nSubtask `research` handled mainly by Expert_Research (weight=1.00, confidence=0.82).\nResearch analysis: treat the idea as a modular AI-system architecture. Define components formally, implement a minimal prototype, then evaluate routing accuracy, final-task accuracy, latency, cost, modular update ability, and comparison against dense, MoE-like, ensemble, and RAG baselines.\n\nEstimated reliability: 0.82"
DENA_top1,q017,Describe aggregator in simple words.,Expert_Definition,Expert_Research|Expert_Definition,1.0,1.0,1.0,0.0,1.0,0.84,0.26,0.26,"DENA Prototype Output\n---------------------\nQuery: Describe aggregator in simple words.\n\nStep 1: Subtask `research` handled mainly by Expert_Research (weight=1.00, confidence=0.82).\nResearch analysis: treat the idea as a modular AI-system architecture. Define components formally, implement a minimal prototype, then evaluate routing accuracy, final-task accuracy, latency, cost, modular update ability, and comparison against dense, MoE-like, ensemble, and RAG baselines.\n\nStep 2: Subtask `definition` handled mainly by Expert_Definition (weight=1.00, confidence=0.86).\nDefinition: An aggregator combines outputs from selected experts into one final answer.\n\nEstimated reliability: 0.84"
DENA_top1,q018,I have an algorithm bug in Python.,Expert_Code,Expert_Code,1.0,1.0,1.0,0.0,1.0,0.78,0.15,0.15,"DENA Prototype Output\n---------------------\nQuery: I have an algorithm bug in Python.\n\nSubtask `code` handled mainly by Expert_Code (weight=1.00, confidence=0.78).\nCode analysis: start by isolating the failing input, reading the exact error message, checking variable types, and creating a minimal reproducible example. Then test one fix at a time.\n\nEstimated reliability: 0.78"
DENA_top1,q019,Calculate 2**5 + 1,Expert_Math,Expert_Math,1.0,1.0,1.0,1.0,1.0,0.92,0.05,0.05,"DENA Prototype Output\n---------------------\nQuery: Calculate 2**5 + 1\n\nSubtask `math` handled mainly by Expert_Math (weight=1.00, confidence=0.92).\nMathematical result: 2**5+1 = 33\n\nEstimated reliability: 0.92"
DENA_top1,q020,Compare modular architecture vs dense model.,Expert_Research|Expert_Definition,Expert_Research,1.0,0.5,1.0,0.0,1.0,0.82,0.2,0.2,"DENA Prototype Output\n---------------------\nQuery: Compare modular architecture vs dense model.\n\nSubtask `research` handled mainly by Expert_Research (weight=1.00, confidence=0.82).\nResearch analysis: treat the idea as a modular AI-system architecture. Define components formally, implement a minimal prototype, then evaluate routing accuracy, final-task accuracy, latency, cost, modular update ability, and comparison against dense, MoE-like, ensemble, and RAG baselines.\n\nEstimated reliability: 0.82"
AllExperts_proxy,q001,What is DENA and how is it different from MoE?,Expert_Definition|Expert_Research,Expert_Research|Expert_Definition|Expert_Math|Expert_Code|Expert_General|Expert_Definition|Expert_Research|Expert_Math|Expert_Code|Expert_General,1.0,1.0,1.0,0.0,1.0,0.7195439579167892,1.0,0.4,"DENA Prototype Output\n---------------------\nQuery: What is DENA and how is it different from MoE?\n\nStep 1: Subtask `research` handled mainly by Expert_Research (weight=0.36, confidence=0.82).\nResearch analysis: treat the idea as a modular AI-system architecture. Define components formally, implement a minimal prototype, then evaluate routing accuracy, final-task accuracy, latency, cost, modular update ability, and comparison against dense, MoE-like, ensemble, and RAG baselines.\n- Supporting note from Expert_Definition (weight=0.22, confidence=0.86): Definition: DENA means Distributed Expert Neural Architecture: a proposed architecture where independently trained expert systems are connected through an orchestrator, router, aggregator, verifier, memory, and feedback loop.\n\nStep 2: Subtask `definition` handled mainly by Expert_Definition (weight=0.39, confidence=0.86).\nDefinition: DENA means Distributed Expert Neural Architecture: a proposed architecture where independently trained expert systems are connected through an orchestrator, router, aggregator, verifier, memory, and feedback loop.\n\nEstimated reliability: 0.72"
AllExperts_proxy,q002,Calculate 24 * 7 + 13,Expert_Math,Expert_Math|Expert_Definition|Expert_Research|Expert_Code|Expert_General,1.0,1.0,1.0,1.0,1.0,0.7588664985043285,0.49999999999999994,0.2,"DENA Prototype Output\n---------------------\nQuery: Calculate 24 * 7 + 13\n\nSubtask `math` handled mainly by Expert_Math (weight=0.42, confidence=0.92).\nMathematical result: 24*7+13 = 181\n\nEstimated reliability: 0.76"
AllExperts_proxy,q003,How should I debug a Python function error?,Expert_Code,Expert_Code|Expert_Math|Expert_Definition|Expert_Research|Expert_General,1.0,1.0,1.0,0.0,1.0,0.6734305308105192,0.5,0.2,"DENA Prototype Output\n---------------------\nQuery: How should I debug a Python function error?\n\nSubtask `code` handled mainly by Expert_Code (weight=0.39, confidence=0.78).\nCode analysis: start by isolating the failing input, reading the exact error message, checking variable types, and creating a minimal reproducible example. Then test one fix at a time.\n\nEstimated reliability: 0.67"
AllExperts_proxy,q004,Design an experiment to compare DENA with dense and MoE models.,Expert_Research,Expert_Research|Expert_Definition|Expert_Math|Expert_Code|Expert_General,1.0,1.0,0.6666666666666666,0.0,1.0,0.7174367521457633,0.49999999999999994,0.2,"DENA Prototype Output\n---------------------\nQuery: Design an experiment to compare DENA with dense and MoE models.\n\nSubtask `research` handled mainly by Expert_Research (weight=0.37, confidence=0.82).\nResearch analysis: treat the idea as a modular AI-system architecture. Define components formally, implement a minimal prototype, then evaluate routing accuracy, final-task accuracy, latency, cost, modular update ability, and comparison against dense, MoE-like, ensemble, and RAG baselines.\n- Supporting note from Expert_Definition (weight=0.21, confidence=0.86): Definition: DENA means Distributed Expert Neural Architecture: a proposed architecture where independently trained expert systems are connected through an orchestrator, router, aggregator, verifier, memory, and feedback loop.\n\nEstimated reliability: 0.72"
AllExperts_proxy,q005,Define a router in DENA.,Expert_Definition|Expert_Research,Expert_Research|Expert_Definition|Expert_Math|Expert_Code|Expert_General|Expert_Definition|Expert_Research|Expert_Math|Expert_Code|Expert_General,1.0,1.0,0.6666666666666666,0.0,1.0,0.7195439579167892,1.0,0.4,"DENA Prototype Output\n---------------------\nQuery: Define a router in DENA.\n\nStep 1: Subtask `research` handled mainly by Expert_Research (weight=0.36, confidence=0.82).\nResearch analysis: treat the idea as a modular AI-system architecture. Define components formally, implement a minimal prototype, then evaluate routing accuracy, final-task accuracy, latency, cost, modular update ability, and comparison against dense, MoE-like, ensemble, and RAG baselines.\n- Supporting note from Expert_Definition (weight=0.22, confidence=0.86): Definition: DENA means Distributed Expert Neural Architecture: a proposed architecture where independently trained expert systems are connected through an orchestrator, router, aggregator, verifier, memory, and feedback loop.\n\nStep 2: Subtask `definition` handled mainly by Expert_Definition (weight=0.39, confidence=0.86).\nDefinition: DENA means Distributed Expert Neural Architecture: a proposed architecture where independently trained expert systems are connected through an orchestrator, router, aggregator, verifier, memory, and feedback loop.\n\nEstimated reliability: 0.72"
AllExperts_proxy,q006,Solve 10 + 5 * 3,Expert_Math,Expert_Math|Expert_Definition|Expert_Research|Expert_Code|Expert_General,1.0,1.0,1.0,1.0,1.0,0.7588664985043285,0.49999999999999994,0.2,"DENA Prototype Output\n---------------------\nQuery: Solve 10 + 5 * 3\n\nSubtask `math` handled mainly by Expert_Math (weight=0.42, confidence=0.92).\nMathematical result: 10+5*3 = 25\n\nEstimated reliability: 0.76"
AllExperts_proxy,q007,Explain algorithm design for a Python API error.,Expert_Code,Expert_Code|Expert_Definition|Expert_Math|Expert_Research|Expert_General|Expert_Definition|Expert_Code|Expert_Math|Expert_Research|Expert_General,1.0,1.0,1.0,0.0,1.0,0.5713631208633986,1.0000000000000002,0.4,"DENA Prototype Output\n---------------------\nQuery: Explain algorithm design for a Python API error.\n\nStep 1: Subtask `code` handled mainly by Expert_Code (weight=0.38, confidence=0.78).\nCode analysis: start by isolating the failing input, reading the exact error message, checking variable types, and creating a minimal reproducible example. Then test one fix at a time.\n- Supporting note from Expert_Research (weight=0.20, confidence=0.82): Research analysis: treat the idea as a modular AI-system architecture. Define components formally, implement a minimal prototype, then evaluate routing accuracy, final-task accuracy, latency, cost, modular update ability, and comparison against dense, MoE-like, ensemble, and RAG baselines.\n\nStep 2: Subtask `definition` handled mainly by Expert_Definition (weight=0.26, confidence=0.48).\nDefinition-style answer: the request asks for explanation, but the exact term is not in this prototype's dictionary.\n- Supporting note from Expert_Code (weight=0.22, confidence=0.78): Code analysis: start by isolating the failing input, reading the exact error message, checking variable types, and creating a minimal reproducible example. Then test one fix at a time.\n- Supporting note from Expert_Research (weight=0.22, confidence=0.82): Research analysis: treat the idea as a modular AI-system architecture. Define components formally, implement a minimal prototype, then evaluate routing accuracy, final-task accuracy, latency, cost, modular update ability, and comparison against dense, MoE-like, ensemble, and RAG baselines.\n\nEstimated reliability: 0.65"
AllExperts_proxy,q008,What is a dense model?,Expert_Definition,Expert_Research|Expert_Definition|Expert_Math|Expert_Code|Expert_General|Expert_Definition|Expert_Research|Expert_Math|Expert_Code|Expert_General,1.0,1.0,1.0,0.0,1.0,0.7183457748819568,1.0,0.4,"DENA Prototype Output\n---------------------\nQuery: What is a dense model?\n\nStep 1: Subtask `research` handled mainly by Expert_Research (weight=0.36, confidence=0.82).\nResearch analysis: treat the idea as a modular AI-system architecture. Define components formally, implement a minimal prototype, then evaluate routing accuracy, final-task accuracy, latency, cost, modular update ability, and comparison against dense, MoE-like, ensemble, and RAG baselines.\n- Supporting note from Expert_Definition (weight=0.21, confidence=0.86): Definition: A dense model is a model where most or all parameters are active for most inputs, unlike sparse expert-based models.\n\nStep 2: Subtask `definition` handled mainly by Expert_Definition (weight=0.38, confidence=0.86).\nDefinition: A dense model is a model where most or all parameters are active for most inputs, unlike sparse expert-based models.\n\nEstimated reliability: 0.72"
AllExperts_proxy,q009,Calculate (12 + 8) / 4,Expert_Math,Expert_Math|Expert_Definition|Expert_Research|Expert_Code|Expert_General,1.0,1.0,1.0,1.0,1.0,0.7588664985043285,0.49999999999999994,0.2,"DENA Prototype Output\n---------------------\nQuery: Calculate (12 + 8) / 4\n\nSubtask `math` handled mainly by Expert_Math (weight=0.42, confidence=0.92).\nMathematical result: (12+8)/4 = 5.0\n\nEstimated reliability: 0.76"
AllExperts_proxy,q010,Explain why expert aggregation matters in DENA.,Expert_Research,Expert_Research|Expert_Definition|Expert_Math|Expert_Code|Expert_General|Expert_Definition|Expert_Research|Expert_Math|Expert_Code|Expert_General,1.0,1.0,0.6666666666666666,0.0,1.0,0.7195439579167892,1.0,0.4,"DENA Prototype Output\n---------------------\nQuery: Explain why expert aggregation matters in DENA.\n\nStep 1: Subtask `research` handled mainly by Expert_Research (weight=0.36, confidence=0.82).\nResearch analysis: treat the idea as a modular AI-system architecture. Define components formally, implement a minimal prototype, then evaluate routing accuracy, final-task accuracy, latency, cost, modular update ability, and comparison against dense, MoE-like, ensemble, and RAG baselines.\n- Supporting note from Expert_Definition (weight=0.22, confidence=0.86): Definition: DENA means Distributed Expert Neural Architecture: a proposed architecture where independently trained expert systems are connected through an orchestrator, router, aggregator, verifier, memory, and feedback loop.\n\nStep 2: Subtask `definition` handled mainly by Expert_Definition (weight=0.39, confidence=0.86).\nDefinition: DENA means Distributed Expert Neural Architecture: a proposed architecture where independently trained expert systems are connected through an orchestrator, router, aggregator, verifier, memory, and feedback loop.\n\nEstimated reliability: 0.72"
AllExperts_proxy,q011,Calculate 9 * 9 and explain what DENA is.,Expert_Math|Expert_Definition|Expert_Research,Expert_Math|Expert_Definition|Expert_Research|Expert_Code|Expert_General|Expert_Research|Expert_Definition|Expert_Math|Expert_Code|Expert_General|Expert_Definition|Expert_Math|Expert_Research|Expert_Code|Expert_General,1.0,1.0,1.0,1.0,1.0,0.8001407778158303,1.5,0.6000000000000001,"DENA Prototype Output\n---------------------\nQuery: Calculate 9 * 9 and explain what DENA is.\n\nStep 1: Subtask `math` handled mainly by Expert_Math (weight=0.38, confidence=0.92).\nMathematical result: 9*9 = 81\n\nStep 2: Subtask `research` handled mainly by Expert_Research (weight=0.31, confidence=0.82).\nResearch analysis: treat the idea as a modular AI-system architecture. Define components formally, implement a minimal prototype, then evaluate routing accuracy, final-task accuracy, latency, cost, modular update ability, and comparison against dense, MoE-like, ensemble, and RAG baselines.\n- Supporting note from Expert_Math (weight=0.22, confidence=0.92): Mathematical result: 9*9 = 81\n\nStep 3: Subtask `definition` handled mainly by Expert_Definition (weight=0.35, confidence=0.86).\nDefinition: DENA means Distributed Expert Neural Architecture: a proposed architecture where independently trained expert systems are connected through an orchestrator, router, aggregator, verifier, memory, and feedback loop.\n- Supporting note from Expert_Math (weight=0.21, confidence=0.92): Mathematical result: 9*9 = 81\n\nEstimated reliability: 0.80"
AllExperts_proxy,q012,How can I compare routing accuracy and latency?,Expert_Research,Expert_Research|Expert_Math|Expert_Definition|Expert_Code|Expert_General,1.0,1.0,1.0,0.0,1.0,0.6455826072424858,0.49999999999999994,0.2,"DENA Prototype Output\n---------------------\nQuery: How can I compare routing accuracy and latency?\n\nSubtask `research` handled mainly by Expert_Research (weight=0.39, confidence=0.82).\nResearch analysis: treat the idea as a modular AI-system architecture. Define components formally, implement a minimal prototype, then evaluate routing accuracy, final-task accuracy, latency, cost, modular update ability, and comparison against dense, MoE-like, ensemble, and RAG baselines.\n\nEstimated reliability: 0.65"
AllExperts_proxy,q013,Write a plan to debug Java code.,Expert_Code,Expert_Code|Expert_General|Expert_Math|Expert_Definition|Expert_Research,1.0,1.0,1.0,0.0,1.0,0.6714280778110233,0.5,0.2,"DENA Prototype Output\n---------------------\nQuery: Write a plan to debug Java code.\n\nSubtask `code` handled mainly by Expert_Code (weight=0.37, confidence=0.78).\nCode analysis: start by isolating the failing input, reading the exact error message, checking variable types, and creating a minimal reproducible example. Then test one fix at a time.\n- Supporting note from Expert_Research (weight=0.20, confidence=0.82): Research analysis: treat the idea as a modular AI-system architecture. Define components formally, implement a minimal prototype, then evaluate routing accuracy, final-task accuracy, latency, cost, modular update ability, and comparison against dense, MoE-like, ensemble, and RAG baselines.\n\nEstimated reliability: 0.67"
AllExperts_proxy,q014,What is MoE?,Expert_Definition,Expert_Research|Expert_Definition|Expert_Math|Expert_Code|Expert_General|Expert_Definition|Expert_Research|Expert_Math|Expert_Code|Expert_General,1.0,1.0,1.0,0.0,1.0,0.7179017291092764,1.0,0.4,"DENA Prototype Output\n---------------------\nQuery: What is MoE?\n\nStep 1: Subtask `research` handled mainly by Expert_Research (weight=0.35, confidence=0.82).\nResearch analysis: treat the idea as a modular AI-system architecture. Define components formally, implement a minimal prototype, then evaluate routing accuracy, final-task accuracy, latency, cost, modular update ability, and comparison against dense, MoE-like, ensemble, and RAG baselines.\n- Supporting note from Expert_Definition (weight=0.22, confidence=0.86): Definition: MoE means Mixture of Experts: a neural architecture where a router activates a subset of internal expert networks for an input.\n\nStep 2: Subtask `definition` handled mainly by Expert_Definition (weight=0.38, confidence=0.86).\nDefinition: MoE means Mixture of Experts: a neural architecture where a router activates a subset of internal expert networks for an input.\n\nEstimated reliability: 0.72"
AllExperts_proxy,q015,Solve 100 / 4 - 7,Expert_Math,Expert_Math|Expert_Definition|Expert_Research|Expert_Code|Expert_General,1.0,1.0,1.0,1.0,1.0,0.7588664985043285,0.49999999999999994,0.2,"DENA Prototype Output\n---------------------\nQuery: Solve 100 / 4 - 7\n\nSubtask `math` handled mainly by Expert_Math (weight=0.42, confidence=0.92).\nMathematical result: 100/4-7 = 18.0\n\nEstimated reliability: 0.76"
AllExperts_proxy,q016,How do I measure DENA verification score?,Expert_Research,Expert_Research|Expert_Definition|Expert_Math|Expert_Code|Expert_General,1.0,1.0,0.6666666666666666,0.0,1.0,0.7135206203272564,0.49999999999999994,0.2,"DENA Prototype Output\n---------------------\nQuery: How do I measure DENA verification score?\n\nSubtask `research` handled mainly by Expert_Research (weight=0.35, confidence=0.82).\nResearch analysis: treat the idea as a modular AI-system architecture. Define components formally, implement a minimal prototype, then evaluate routing accuracy, final-task accuracy, latency, cost, modular update ability, and comparison against dense, MoE-like, ensemble, and RAG baselines.\n- Supporting note from Expert_Definition (weight=0.22, confidence=0.86): Definition: DENA means Distributed Expert Neural Architecture: a proposed architecture where independently trained expert systems are connected through an orchestrator, router, aggregator, verifier, memory, and feedback loop.\n\nEstimated reliability: 0.71"
AllExperts_proxy,q017,Describe aggregator in simple words.,Expert_Definition,Expert_Research|Expert_Definition|Expert_Math|Expert_Code|Expert_General|Expert_Definition|Expert_Research|Expert_Math|Expert_Code|Expert_General,1.0,1.0,1.0,0.0,1.0,0.7179017291092764,1.0,0.4,"DENA Prototype Output\n---------------------\nQuery: Describe aggregator in simple words.\n\nStep 1: Subtask `research` handled mainly by Expert_Research (weight=0.35, confidence=0.82).\nResearch analysis: treat the idea as a modular AI-system architecture. Define components formally, implement a minimal prototype, then evaluate routing accuracy, final-task accuracy, latency, cost, modular update ability, and comparison against dense, MoE-like, ensemble, and RAG baselines.\n- Supporting note from Expert_Definition (weight=0.22, confidence=0.86): Definition: An aggregator combines outputs from selected experts into one final answer.\n\nStep 2: Subtask `definition` handled mainly by Expert_Definition (weight=0.38, confidence=0.86).\nDefinition: An aggregator combines outputs from selected experts into one final answer.\n\nEstimated reliability: 0.72"
AllExperts_proxy,q018,I have an algorithm bug in Python.,Expert_Code,Expert_Code|Expert_Math|Expert_Definition|Expert_Research|Expert_General,1.0,1.0,1.0,0.0,1.0,0.6721128714702902,0.5,0.2,"DENA Prototype Output\n---------------------\nQuery: I have an algorithm bug in Python.\n\nSubtask `code` handled mainly by Expert_Code (weight=0.38, confidence=0.78).\nCode analysis: start by isolating the failing input, reading the exact error message, checking variable types, and creating a minimal reproducible example. Then test one fix at a time.\n- Supporting note from Expert_Research (weight=0.20, confidence=0.82): Research analysis: treat the idea as a modular AI-system architecture. Define components formally, implement a minimal prototype, then evaluate routing accuracy, final-task accuracy, latency, cost, modular update ability, and comparison against dense, MoE-like, ensemble, and RAG baselines.\n\nEstimated reliability: 0.67"
AllExperts_proxy,q019,Calculate 2**5 + 1,Expert_Math,Expert_Math|Expert_Definition|Expert_Research|Expert_Code|Expert_General,1.0,1.0,1.0,1.0,1.0,0.7588664985043285,0.49999999999999994,0.2,"DENA Prototype Output\n---------------------\nQuery: Calculate 2**5 + 1\n\nSubtask `math` handled mainly by Expert_Math (weight=0.42, confidence=0.92).\nMathematical result: 2**5+1 = 33\n\nEstimated reliability: 0.76"
AllExperts_proxy,q020,Compare modular architecture vs dense model.,Expert_Research|Expert_Definition,Expert_Research|Expert_Definition|Expert_Math|Expert_Code|Expert_General,1.0,1.0,1.0,0.0,1.0,0.7164370492197586,0.49999999999999994,0.2,"DENA Prototype Output\n---------------------\nQuery: Compare modular architecture vs dense model.\n\nSubtask `research` handled mainly by Expert_Research (weight=0.37, confidence=0.82).\nResearch analysis: treat the idea as a modular AI-system architecture. Define components formally, implement a minimal prototype, then evaluate routing accuracy, final-task accuracy, latency, cost, modular update ability, and comparison against dense, MoE-like, ensemble, and RAG baselines.\n- Supporting note from Expert_Definition (weight=0.21, confidence=0.86): Definition: A dense model is a model where most or all parameters are active for most inputs, unlike sparse expert-based models.\n\nEstimated reliability: 0.72"
GeneralOnly_proxy,q001,What is DENA and how is it different from MoE?,Expert_Definition|Expert_Research,Expert_General|Expert_General,0.0,0.0,0.3333333333333333,0.0,1.0,0.58,0.08,0.08,"DENA Prototype Output\n---------------------\nQuery: What is DENA and how is it different from MoE?\n\nStep 1: Subtask `research` handled mainly by Expert_General (weight=1.00, confidence=0.58).\nGeneral response: I can help structure this request. A strong answer should identify the task, choose the right expert knowledge, produce a clear response, and verify it.\n\nStep 2: Subtask `definition` handled mainly by Expert_General (weight=1.00, confidence=0.58).\nGeneral response: I can help structure this request. A strong answer should identify the task, choose the right expert knowledge, produce a clear response, and verify it.\n\nEstimated reliability: 0.58"
GeneralOnly_proxy,q002,Calculate 24 * 7 + 13,Expert_Math,Expert_General,0.0,0.0,0.0,0.0,1.0,0.58,0.04,0.04,"DENA Prototype Output\n---------------------\nQuery: Calculate 24 * 7 + 13\n\nSubtask `math` handled mainly by Expert_General (weight=1.00, confidence=0.58).\nGeneral response: I can help structure this request. A strong answer should identify the task, choose the right expert knowledge, produce a clear response, and verify it.\n\nEstimated reliability: 0.58"
GeneralOnly_proxy,q003,How should I debug a Python function error?,Expert_Code,Expert_General,0.0,0.0,0.6666666666666666,0.0,1.0,0.58,0.04,0.04,"DENA Prototype Output\n---------------------\nQuery: How should I debug a Python function error?\n\nSubtask `code` handled mainly by Expert_General (weight=1.00, confidence=0.58).\nGeneral response: I can help structure this request. A strong answer should identify the task, choose the right expert knowledge, produce a clear response, and verify it.\n\nEstimated reliability: 0.58"
GeneralOnly_proxy,q004,Design an experiment to compare DENA with dense and MoE models.,Expert_Research,Expert_General,0.0,0.0,0.6666666666666666,0.0,1.0,0.58,0.04,0.04,"DENA Prototype Output\n---------------------\nQuery: Design an experiment to compare DENA with dense and MoE models.\n\nSubtask `research` handled mainly by Expert_General (weight=1.00, confidence=0.58).\nGeneral response: I can help structure this request. A strong answer should identify the task, choose the right expert knowledge, produce a clear response, and verify it.\n\nEstimated reliability: 0.58"
GeneralOnly_proxy,q005,Define a router in DENA.,Expert_Definition|Expert_Research,Expert_General|Expert_General,0.0,0.0,0.6666666666666666,0.0,1.0,0.58,0.08,0.08,"DENA Prototype Output\n---------------------\nQuery: Define a router in DENA.\n\nStep 1: Subtask `research` handled mainly by Expert_General (weight=1.00, confidence=0.58).\nGeneral response: I can help structure this request. A strong answer should identify the task, choose the right expert knowledge, produce a clear response, and verify it.\n\nStep 2: Subtask `definition` handled mainly by Expert_General (weight=1.00, confidence=0.58).\nGeneral response: I can help structure this request. A strong answer should identify the task, choose the right expert knowledge, produce a clear response, and verify it.\n\nEstimated reliability: 0.58"
GeneralOnly_proxy,q006,Solve 10 + 5 * 3,Expert_Math,Expert_General,0.0,0.0,0.0,0.0,1.0,0.58,0.04,0.04,"DENA Prototype Output\n---------------------\nQuery: Solve 10 + 5 * 3\n\nSubtask `math` handled mainly by Expert_General (weight=1.00, confidence=0.58).\nGeneral response: I can help structure this request. A strong answer should identify the task, choose the right expert knowledge, produce a clear response, and verify it.\n\nEstimated reliability: 0.58"
GeneralOnly_proxy,q007,Explain algorithm design for a Python API error.,Expert_Code,Expert_General|Expert_General,0.0,0.0,0.6666666666666666,0.0,1.0,0.58,0.08,0.08,"DENA Prototype Output\n---------------------\nQuery: Explain algorithm design for a Python API error.\n\nStep 1: Subtask `code` handled mainly by Expert_General (weight=1.00, confidence=0.58).\nGeneral response: I can help structure this request. A strong answer should identify the task, choose the right expert knowledge, produce a clear response, and verify it.\n\nStep 2: Subtask `definition` handled mainly by Expert_General (weight=1.00, confidence=0.58).\nGeneral response: I can help structure this request. A strong answer should identify the task, choose the right expert knowledge, produce a clear response, and verify it.\n\nEstimated reliability: 0.58"
GeneralOnly_proxy,q008,What is a dense model?,Expert_Definition,Expert_General|Expert_General,0.0,0.0,0.5,0.0,1.0,0.58,0.08,0.08,"DENA Prototype Output\n---------------------\nQuery: What is a dense model?\n\nStep 1: Subtask `research` handled mainly by Expert_General (weight=1.00, confidence=0.58).\nGeneral response: I can help structure this request. A strong answer should identify the task, choose the right expert knowledge, produce a clear response, and verify it.\n\nStep 2: Subtask `definition` handled mainly by Expert_General (weight=1.00, confidence=0.58).\nGeneral response: I can help structure this request. A strong answer should identify the task, choose the right expert knowledge, produce a clear response, and verify it.\n\nEstimated reliability: 0.58"
GeneralOnly_proxy,q009,Calculate (12 + 8) / 4,Expert_Math,Expert_General,0.0,0.0,1.0,1.0,1.0,0.58,0.04,0.04,"DENA Prototype Output\n---------------------\nQuery: Calculate (12 + 8) / 4\n\nSubtask `math` handled mainly by Expert_General (weight=1.00, confidence=0.58).\nGeneral response: I can help structure this request. A strong answer should identify the task, choose the right expert knowledge, produce a clear response, and verify it.\n\nEstimated reliability: 0.58"
GeneralOnly_proxy,q010,Explain why expert aggregation matters in DENA.,Expert_Research,Expert_General|Expert_General,0.0,0.0,0.3333333333333333,0.0,1.0,0.58,0.08,0.08,"DENA Prototype Output\n---------------------\nQuery: Explain why expert aggregation matters in DENA.\n\nStep 1: Subtask `research` handled mainly by Expert_General (weight=1.00, confidence=0.58).\nGeneral response: I can help structure this request. A strong answer should identify the task, choose the right expert knowledge, produce a clear response, and verify it.\n\nStep 2: Subtask `definition` handled mainly by Expert_General (weight=1.00, confidence=0.58).\nGeneral response: I can help structure this request. A strong answer should identify the task, choose the right expert knowledge, produce a clear response, and verify it.\n\nEstimated reliability: 0.58"
GeneralOnly_proxy,q011,Calculate 9 * 9 and explain what DENA is.,Expert_Math|Expert_Definition|Expert_Research,Expert_General|Expert_General|Expert_General,0.0,0.0,0.0,0.0,1.0,0.58,0.12,0.12,"DENA Prototype Output\n---------------------\nQuery: Calculate 9 * 9 and explain what DENA is.\n\nStep 1: Subtask `math` handled mainly by Expert_General (weight=1.00, confidence=0.58).\nGeneral response: I can help structure this request. A strong answer should identify the task, choose the right expert knowledge, produce a clear response, and verify it.\n\nStep 2: Subtask `research` handled mainly by Expert_General (weight=1.00, confidence=0.58).\nGeneral response: I can help structure this request. A strong answer should identify the task, choose the right expert knowledge, produce a clear response, and verify it.\n\nStep 3: Subtask `definition` handled mainly by Expert_General (weight=1.00, confidence=0.58).\nGeneral response: I can help structure this request. A strong answer should identify the task, choose the right expert knowledge, produce a clear response, and verify it.\n\nEstimated reliability: 0.58"
GeneralOnly_proxy,q012,How can I compare routing accuracy and latency?,Expert_Research,Expert_General,0.0,0.0,1.0,0.0,1.0,0.58,0.04,0.04,"DENA Prototype Output\n---------------------\nQuery: How can I compare routing accuracy and latency?\n\nSubtask `research` handled mainly by Expert_General (weight=1.00, confidence=0.58).\nGeneral response: I can help structure this request. A strong answer should identify the task, choose the right expert knowledge, produce a clear response, and verify it.\n\nEstimated reliability: 0.58"
GeneralOnly_proxy,q013,Write a plan to debug Java code.,Expert_Code,Expert_General,0.0,0.0,0.6666666666666666,0.0,1.0,0.58,0.04,0.04,"DENA Prototype Output\n---------------------\nQuery: Write a plan to debug Java code.\n\nSubtask `code` handled mainly by Expert_General (weight=1.00, confidence=0.58).\nGeneral response: I can help structure this request. A strong answer should identify the task, choose the right expert knowledge, produce a clear response, and verify it.\n\nEstimated reliability: 0.58"
GeneralOnly_proxy,q014,What is MoE?,Expert_Definition,Expert_General|Expert_General,0.0,0.0,0.0,0.0,1.0,0.58,0.08,0.08,"DENA Prototype Output\n---------------------\nQuery: What is MoE?\n\nStep 1: Subtask `research` handled mainly by Expert_General (weight=1.00, confidence=0.58).\nGeneral response: I can help structure this request. A strong answer should identify the task, choose the right expert knowledge, produce a clear response, and verify it.\n\nStep 2: Subtask `definition` handled mainly by Expert_General (weight=1.00, confidence=0.58).\nGeneral response: I can help structure this request. A strong answer should identify the task, choose the right expert knowledge, produce a clear response, and verify it.\n\nEstimated reliability: 0.58"
GeneralOnly_proxy,q015,Solve 100 / 4 - 7,Expert_Math,Expert_General,0.0,0.0,0.0,0.0,1.0,0.58,0.04,0.04,"DENA Prototype Output\n---------------------\nQuery: Solve 100 / 4 - 7\n\nSubtask `math` handled mainly by Expert_General (weight=1.00, confidence=0.58).\nGeneral response: I can help structure this request. A strong answer should identify the task, choose the right expert knowledge, produce a clear response, and verify it.\n\nEstimated reliability: 0.58"
GeneralOnly_proxy,q016,How do I measure DENA verification score?,Expert_Research,Expert_General,0.0,0.0,0.3333333333333333,0.0,1.0,0.58,0.04,0.04,"DENA Prototype Output\n---------------------\nQuery: How do I measure DENA verification score?\n\nSubtask `research` handled mainly by Expert_General (weight=1.00, confidence=0.58).\nGeneral response: I can help structure this request. A strong answer should identify the task, choose the right expert knowledge, produce a clear response, and verify it.\n\nEstimated reliability: 0.58"
GeneralOnly_proxy,q017,Describe aggregator in simple words.,Expert_Definition,Expert_General|Expert_General,0.0,0.0,0.3333333333333333,0.0,1.0,0.58,0.08,0.08,"DENA Prototype Output\n---------------------\nQuery: Describe aggregator in simple words.\n\nStep 1: Subtask `research` handled mainly by Expert_General (weight=1.00, confidence=0.58).\nGeneral response: I can help structure this request. A strong answer should identify the task, choose the right expert knowledge, produce a clear response, and verify it.\n\nStep 2: Subtask `definition` handled mainly by Expert_General (weight=1.00, confidence=0.58).\nGeneral response: I can help structure this request. A strong answer should identify the task, choose the right expert knowledge, produce a clear response, and verify it.\n\nEstimated reliability: 0.58"
GeneralOnly_proxy,q018,I have an algorithm bug in Python.,Expert_Code,Expert_General,0.0,0.0,0.6666666666666666,0.0,1.0,0.58,0.04,0.04,"DENA Prototype Output\n---------------------\nQuery: I have an algorithm bug in Python.\n\nSubtask `code` handled mainly by Expert_General (weight=1.00, confidence=0.58).\nGeneral response: I can help structure this request. A strong answer should identify the task, choose the right expert knowledge, produce a clear response, and verify it.\n\nEstimated reliability: 0.58"
GeneralOnly_proxy,q019,Calculate 2**5 + 1,Expert_Math,Expert_General,0.0,0.0,0.0,0.0,1.0,0.58,0.04,0.04,"DENA Prototype Output\n---------------------\nQuery: Calculate 2**5 + 1\n\nSubtask `math` handled mainly by Expert_General (weight=1.00, confidence=0.58).\nGeneral response: I can help structure this request. A strong answer should identify the task, choose the right expert knowledge, produce a clear response, and verify it.\n\nEstimated reliability: 0.58"
GeneralOnly_proxy,q020,Compare modular architecture vs dense model.,Expert_Research|Expert_Definition,Expert_General,0.0,0.0,1.0,0.0,1.0,0.58,0.04,0.04,"DENA Prototype Output\n---------------------\nQuery: Compare modular architecture vs dense model.\n\nSubtask `research` handled mainly by Expert_General (weight=1.00, confidence=0.58).\nGeneral response: I can help structure this request. A strong answer should identify the task, choose the right expert knowledge, produce a clear response, and verify it.\n\nEstimated reliability: 0.58"
